Accuracy,Precision,Recall,F1
0.47058823529411764,0.47058823529411764,1.0,0.64
