{
    "accuracy": 0.7058823529411765,
    "precision": 0.8,
    "recall": 0.5,
    "f1_score": 0.6153846153846154
}